Date,Event_Link,Event_Name,Counter_Code,Location,Category
13 Jan-13 Jan,https://mtbdata.com/comp/israel-cup-1-mishmar-haemek-13-jan-2024-mishmar-haemek,Israel Cup 1 Mishmar Haemek,ISR,Mishmar Haemek,C2
20 Jan-20 Jan,https://mtbdata.com/comp/momentum-medical-scheme-attakwas-extreme-presented-by-biogen-xcm-20-jan-2024-oudtshoorn,Momentum Medical Scheme Attakwas Extreme presented by Biogen - XCM,RSA,Oudtshoorn,C1
25 Jan-28 Jan,https://mtbdata.com/comp/costa-blanca-bike-race-cbbr-xcms-25-jan-28-jan-2024-calpe-alicante,Costa Blanca Bike Race - CBBR - XCMS,ESP,Calpe (Alicante),S1
03 Feb-03 Feb,https://mtbdata.com/comp/volcat-platja-daro-e-1-03-feb-2024-platja-daro,Volcat Platja D'aro E-1,ESP,Platja D'Aro,C3
04 Feb-04 Feb,https://mtbdata.com/comp/xco-cup-elda-04-feb-2024-elda-alicante,XCO CUP Elda,ESP,Elda (Alicante),C1
08 Feb-11 Feb,https://mtbdata.com/comp/momentum-medical-scheme-tankwa-trek-presented-by-biogen-xcms-08-feb-11-feb-2024-ceres,Momentum Medical Scheme Tankwa Trek presented by Biogen - XCMS,RSA,Ceres,S1
10 Feb-10 Feb,https://mtbdata.com/comp/israel-spring-round-mishmar-haemek-2-10-feb-2024-mishmar-haemek,Israel Spring Round - Mishmar Haemek-2,ISR,Mishmar Haemek,C2
11 Feb-11 Feb,https://mtbdata.com/comp/shimano-supercup-massi-la-nucia-11-feb-2024-la-nucia,Shimano Supercup Massi La Nucía,ESP,La Nucía,C1
16 Feb-16 Feb,https://mtbdata.com/comp/israel-spring-round-3-lahav-forest-1-16-feb-2024-lahav-forest,Israel Spring Round-3 - Lahav Forest-1,ISR,Lahav Forest,C2
17 Feb-18 Feb,https://mtbdata.com/comp/internacionales-chelva-gsport-challenge-uci-xco-junior-series-17-feb-18-feb-2024-chelva,Internacionales Chelva Gsport Challenge + UCI XCO Junior Series,ESP,Chelva,HC
21 Feb-21 Feb,https://mtbdata.com/comp/tropical-mtb-challenge-2-21-feb-2024-albergue-olimpico-de-salinas,Tropical MTB Challenge - 2,PUR,Albergue Olímpico de Salinas,C1
24 Feb-25 Feb,https://mtbdata.com/comp/new-zealand-national-championships-xco-xcc-dhi-24-feb-25-feb-2024-queenstown,New Zealand National Championships - XCO - XCC - DHI,NZL,Queenstown,CN
26 Feb-02 Mar,https://mtbdata.com/comp/andalucia-bike-race-by-garmin-xcms-26-feb-02-mar-2024-bedmar-jaen-villafranca-de-cordoba-y-cordoba,Andalucía Bike Race by Garmin - XCMS,ESP,"Bedmar, Jaén Villafranca de Córdoba y Córdoba",SHC
01 Mar-03 Mar,https://mtbdata.com/comp/crankworx-summer-series-downhill-01-mar-03-mar-2024-christchurch,Crankworx Summer Series Downhill,NZL,Christchurch,C1
02 Mar-02 Mar,https://mtbdata.com/comp/verona-mtb-international-02-mar-2024-verona,Verona MTB International,ITA,Verona,C2
03 Mar-03 Mar,https://mtbdata.com/comp/south-african-national-championships-dhi-03-mar-2024-cape-town,South African National Championships - DHI,RSA,Cape Town,CN
05 Mar-10 Mar,https://mtbdata.com/comp/australia-national-championships-xco-dhi-05-mar-10-mar-2024-newcastle,Australia National Championships - XCO - DHI,AUS,Newcastle,CN
08 Mar-09 Mar,https://mtbdata.com/comp/1desafio-dos-gigantes-xco-xcc-08-mar-09-mar-2024-petropolis-rj,#1Desafio dos Gigantes XCO-XCC,BRA,Petrópolis RJ,C1
09 Mar-09 Mar,https://mtbdata.com/comp/far-west-race-xcm-09-mar-2024-calatayud,Far West Race - XCM,ESP,Calatayud,C2
09 Mar-10 Mar,https://mtbdata.com/comp/green-series-xco-bilbao-2024-09-mar-10-mar-2024-bilbao-bizkaia,Green Series XCO Bilbao 2024,ESP,Bilbao (Bizkaia),C2
10 Mar-10 Mar,https://mtbdata.com/comp/valparaiso-cerro-abajo-10-mar-2024-valparaiso,Valparaiso Cerro Abajo,CHI,Valparaiso,C3
10 Mar-10 Mar,https://mtbdata.com/comp/2-desafio-dos-gigantes-xco-10-mar-2024-petropolis-rj,#2 Desafio dos Gigantes XCO,BRA,Petrópolis RJ,C1
15 Mar-17 Mar,https://mtbdata.com/comp/mtb-french-cup-powered-by-skf-xcoxce-uci-xco-junior-series-15-mar-17-mar-2024-marseille-luminy,MTB French Cup Powered By SKF - XCO/XCE + UCI XCO Junior Series,FRA,Marseille - Luminy,HC
16 Mar-17 Mar,https://mtbdata.com/comp/swiss-bike-cup-granichen-16-mar-17-mar-2024-granichen,Swiss Bike Cup Gränichen,SUI,Gränichen,C1
17 Mar-17 Mar,https://mtbdata.com/comp/copa-catalana-internacional-btt-biking-point-gava-17-mar-2024-gava,Copa Catalana Internacional BTT Biking Point Gavà,ESP,Gavà,C2
17 Mar-24 Mar,https://mtbdata.com/comp/absa-cape-epic-xcms-17-mar-24-mar-2024-cape-town-western-cape,Absa Cape Epic - XCMS,RSA,Cape Town - Western Cape,SHC
23 Mar-23 Mar,https://mtbdata.com/comp/tennessee-national-23-mar-2024-oliver-springs,Tennessee National,USA,Oliver Springs,C3
23 Mar-23 Mar,https://mtbdata.com/comp/serbia-epic-basak-tractor-andrevlje-xco-1-23-mar-2024-novi-sad,Serbia EPIC BASAK TRACTOR Andrevlje XCO #1,SRB,Novi Sad,C1
24 Mar-24 Mar,https://mtbdata.com/comp/32-ktm-kamptal-trophy-24-mar-2024-langenloiszobing,32. KTM Kamptal Trophy,AUT,Langenlois/Zöbing,C1
24 Mar-24 Mar,https://mtbdata.com/comp/tennessee-national-24-mar-2024-oliver-springs,Tennessee National,USA,Oliver Springs,C1
24 Mar-24 Mar,https://mtbdata.com/comp/swiss-bike-cup-uci-xco-junior-series-24-mar-2024-rivera,Swiss Bike Cup + UCI XCO Junior Series,SUI,Rivera,HC
24 Mar-24 Mar,https://mtbdata.com/comp/green-series-xco-abadiano-2024-24-mar-2024-abadino-bizkaia,Green Series XCO Abadiano 2024,ESP,Abadiño (Bizkaia),C2
29 Mar-29 Mar,https://mtbdata.com/comp/israel-cup-kule-29-mar-2024-kule,Israel Cup Kule,ISR,Kule,C1
30 Mar-30 Mar,https://mtbdata.com/comp/horska-kola-stupno-30-mar-2024-brasy,Horska kola Stupno,CZE,Brasy,C2
30 Mar-31 Mar,https://mtbdata.com/comp/internacional-chaoyang-estrada-real-30-mar-31-mar-2024-itabirito-mg,Internacional Chaoyang Estrada Real,BRA,Itabirito MG,C1
31 Mar-31 Mar,https://mtbdata.com/comp/3-nations-cup-zwiep-scott-cup-xco-31-mar-2024-oldenzaal,3 Nations Cup: Zwiep Scott Cup - XCO,NED,Oldenzaal,C2
04 Apr-07 Apr,https://mtbdata.com/comp/mtb-festival-04-apr-07-apr-2024-mairipora-sp,MTB Festival,BRA,Mairiporã SP,C1
05 Apr-07 Apr,https://mtbdata.com/comp/swiss-bike-cup-lugano-05-apr-07-apr-2024-lugano,Swiss Bike Cup Lugano,SUI,Lugano,C1
06 Apr-06 Apr,https://mtbdata.com/comp/xco-premantura-rocky-trails-06-apr-2024-pula-premantura,XCO Premantura Rocky Trails,CRO,"Pula, Premantura",C1
06 Apr-07 Apr,https://mtbdata.com/comp/marlene-sudtirol-sunshine-race-uci-xco-junior-series-06-apr-07-apr-2024-nalles-bz,Marlene Südtirol Sunshine Race + UCI XCO Junior Series,ITA,Nalles Bz,HC
07 Apr-07 Apr,https://mtbdata.com/comp/shimano-supercup-massi-santa-susanna-07-apr-2024-santa-susanna,Shimano Supercup Massi Santa Susanna,ESP,Santa Susanna,C1
12 Apr-12 Apr,https://mtbdata.com/comp/piney-hills-classic-12-apr-2024-ruston-louisiana,Piney Hills Classic,USA,"Ruston, Louisiana",C2
13 Apr-13 Apr,https://mtbdata.com/comp/piney-hills-classic-13-apr-2024-ruston-louisiana,Piney Hills Classic,USA,"Ruston, Louisiana",C2
14 Apr-14 Apr,https://mtbdata.com/comp/superprestigio-mtb-14-apr-2024-caparroso,Superprestigio MTB,ESP,Caparroso,C1
19 Apr-20 Apr,https://mtbdata.com/comp/namibia-xc-1-uci-xco-junior-series-19-apr-20-apr-2024-windhoek,Namibia XC 1 + UCI XCO Junior Series,NAM,Windhoek,C1
20 Apr-21 Apr,https://mtbdata.com/comp/serbia-epic-petrovaradin-fortress-bike-fest-20-apr-21-apr-2024-novi-sad,Serbia EPIC Petrovaradin Fortress BIKE FEST,SRB,Novi Sad,C1
21 Apr-21 Apr,https://mtbdata.com/comp/scott-marathon-btt-cambrils-xcm-21-apr-2024-cambrils,Scott Marathon BTT Cambrils - XCM,ESP,cambrils,C2
21 Apr-21 Apr,https://mtbdata.com/comp/green-series-xco-ollargan-bilbao-2024-21-apr-2024-bilbao-bizkaia,Green Series XCO Ollargan-Bilbao 2024,ESP,Bilbao (Bizkaia),C2
21 Apr-21 Apr,https://mtbdata.com/comp/27-genoa-cup-marathon-dellappennino-xcm-21-apr-2024-casella-genova,27 Genoa Cup - Marathon dell'Appennino - XCM,ITA,Casella (Genova),C2
27 Apr-27 Apr,https://mtbdata.com/comp/mtb-caneva-trophy-27-apr-2024-stevena-di-caneva-pn,MTB Caneva Trophy,ITA,Stevenà di Caneva ( PN),C1
27 Apr-28 Apr,https://mtbdata.com/comp/soon-terrengsykkelfestival-27-apr-28-apr-2024-son,Soon Terrengsykkelfestival,NOR,Son,C1
28 Apr-28 Apr,https://mtbdata.com/comp/mtb-croatia-cup-vodice-28-apr-2024-vodice,MTB Croatia Cup - Vodice,CRO,Vodice,C1
28 Apr-28 Apr,https://mtbdata.com/comp/dhi-pozo-do-demo-28-apr-2024-verin,DHI Pozo Do Demo,ESP,Verin,C2
02 May-05 May,https://mtbdata.com/comp/french-national-championships-xco-xce-xcc-02-may-05-may-2024,French National Championships - XCO - XCE - XCC,FRA,,CN
03 May-03 May,https://mtbdata.com/comp/israel-cup-4-shfaram-03-may-2024-shfaram,Israel Cup 4 Shfaram,ISR,Shfaram,C2
03 May-04 May,https://mtbdata.com/comp/capoliveri-legend-xco-2024-03-may-04-may-2024-capoliveri-elba-island,Capoliveri Legend XCO 2024,ITA,Capoliveri Elba Island,C1
04 May-04 May,https://mtbdata.com/comp/maja-wloszczowska-mtb-race-04-may-2024-jelenia-gora,Maja Włoszczowska MTB Race,POL,Jelenia Góra,C1
05 May-05 May,https://mtbdata.com/comp/mtb-weekend-eupen-05-may-2024-eupen,MTB Weekend Eupen,BEL,Eupen,C2
05 May-05 May,https://mtbdata.com/comp/shimano-supercup-massi-sabinanigo-05-may-2024-girona,Shimano Supercup Massi Sabiñánigo,ESP,Girona,C1
05 May-05 May,https://mtbdata.com/comp/rye-bike-festival-rye-terrengsykkelfestival-xco-05-may-2024-oslo,Rye bike festival / Rye terrengsykkelfestival - XCO,NOR,Oslo,C1
08 May-12 May,https://mtbdata.com/comp/american-continental-championships-xco-xcc-xce-xcr-08-may-12-may-2024-midway,American Continental Championships - XCO - XCC - XCE - XCR,USA,Midway,CC
10 May-12 May,https://mtbdata.com/comp/uci-mountain-bike-world-cup-edre-edr-10-may-12-may-2024,UCI Mountain Bike World Cup EDR/E-EDR,ITA,Finale Outdoor Region,CDM
11 May-12 May,https://mtbdata.com/comp/bca-racet-2024-11-may-12-may-2024-boras-sweden,BCA Racet 2024,SWE,"Borås, Sweden",C3
12 May-12 May,https://mtbdata.com/comp/costa-degli-etruschi-epic-2024-xcm-12-may-2024-marina-di-bibbona,Costa Degli Etruschi Epic 2024 - XCM,ITA,Marina Di Bibbona,C2
16 May-19 May,https://mtbdata.com/comp/transgrancanaria-bike-xcms-16-may-19-may-2024-las-palmas-gc,Transgrancanaria Bike - XCMS,ESP,Las Palmas G.C.,S2
17 May-17 May,https://mtbdata.com/comp/israel-championship-xcc-17-may-2024-kule,Israel Championship - XCC,ISR,Kule,CN
17 May-19 May,https://mtbdata.com/comp/american-continental-championships-xcm-17-may-19-may-2024-nova-lima-mg,American Continental Championships - XCM,BRA,Nova Lima MG,CC
18 May-18 May,https://mtbdata.com/comp/jbg-2-pressingowa-petarda-mtb-xco-jastrzebie-zdroj-18-may-2024-jastrzebie-zdroj,JBG 2 Pressingowa Petarda MTB XCO Jastrzębie-Zdrój,POL,Jastrzębie-Zdrój,C1
18 May-18 May,https://mtbdata.com/comp/csomor-cup-18-may-2024-csomor,Csömör Cup,HUN,Csömör,C2
18 May-19 May,https://mtbdata.com/comp/internacional-chaoyang-estrada-real-18-may-19-may-2024-ouro-branco-mg,Internacional Chaoyang Estrada Real,BRA,Ouro Branco MG,C1
18 May-19 May,https://mtbdata.com/comp/sa-xco-cup-series-uci-xco-junior-series-18-may-19-may-2024-cascades-mtb-park,SA XCO Cup Series + UCI XCO Junior Series,RSA,Cascades MTB Park,C1
19 May-19 May,https://mtbdata.com/comp/gothenburg-mtb-race-19-may-2024-goteborg-skatas,Gothenburg MTB Race,SWE,"Göteborg, Skatås",C1
19 May-19 May,https://mtbdata.com/comp/green-series-xco-lezama-2024-19-may-2024-lezama-bizkaia,Green Series XCO Lezama 2024,ESP,Lezama (Bizkaia),C2
22 May-26 May,https://mtbdata.com/comp/crankworx-cairns-22-may-26-may-2024-cairns-queensland-australia,Crankworx Cairns,AUS,"Cairns, Queensland, Australia",C1
24 May-26 May,https://mtbdata.com/comp/2-copa-soul-internacional-24-may-26-may-2024-caxambu-mg,#2 Copa Soul Internacional,BRA,Caxambú MG,C2
25 May-25 May,https://mtbdata.com/comp/huskvarna-mtb-tour-25-may-2024-huskvarna,Huskvarna MTB-Tour,SWE,Huskvarna,C2
26 May-26 May,https://mtbdata.com/comp/south-african-national-championships-xcm-26-may-2024-karkloof-country-club,South African National Championships - XCM,RSA,Karkloof Country Club,CN
31 May-31 May,https://mtbdata.com/comp/desafio-internacional-do-cerrado-de-xcc-31-may-2024-goiania-go,Desafio Internacional do Cerrado de XCC,BRA,Goiânia GO,C3
01 Jun-01 Jun,https://mtbdata.com/comp/international-mtb-marathon-malevil-cup-xcm-01-jun-2024-jablonne-v-podjestedi,International MTB Marathon Malevil Cup - XCM,CZE,Jablonné v Podještědí,C1
01 Jun-02 Jun,https://mtbdata.com/comp/taca-brasil-de-cross-country-01-jun-02-jun-2024-goiania-go,Taça Brasil de Cross Country,BRA,Goiânia GO,C1
02 Jun-02 Jun,https://mtbdata.com/comp/taca-de-portugal-de-xco-02-jun-2024-fundao,Taça de Portugal de XCO,POR,Fundão,C2
02 Jun-02 Jun,https://mtbdata.com/comp/okk-bike-revolution-3-02-jun-2024-engelberg,Ökk Bike Revolution #3,SUI,Engelberg,HC
02 Jun-02 Jun,https://mtbdata.com/comp/green-series-xco-ortuella-2024-02-jun-2024-ortuella-bizkaia,Green Series XCO Ortuella 2024,ESP,Ortuella (Bizkaia),C2
02 Jun-02 Jun,https://mtbdata.com/comp/italian-national-championships-xcm-02-jun-2024-letojanni-me,Italian National Championships - XCM,ITA,Letojanni Me,CN
06 Jun-06 Jun,https://mtbdata.com/comp/missoula-xc-06-jun-2024-missoula-montana,Missoula XC,USA,"Missoula, Montana",C2
07 Jun-07 Jun,https://mtbdata.com/comp/missoula-xc-07-jun-2024-missoula-montana,Missoula XC,USA,"Missoula, Montana",C2
08 Jun-08 Jun,https://mtbdata.com/comp/xco-samobor-08-jun-2024-samobor,XCO Samobor,CRO,Samobor,C1
08 Jun-08 Jun,https://mtbdata.com/comp/baie-saint-paul-canada-cup-xcc-08-jun-2024-baie-saint-paul-quebec,Baie-Saint-Paul Canada Cup XCC,CAN,"Baie-Saint-Paul, Quebec",C3
08 Jun-08 Jun,https://mtbdata.com/comp/gorale-na-start-08-jun-2024-walbrzych,Górale na Start,POL,Wałbrzych,C1
08 Jun-09 Jun,https://mtbdata.com/comp/portugal-cup-xco-fundao-08-jun-09-jun-2024-fundao,Portugal Cup XCO Fundão,POR,Fundão,C2
08 Jun-09 Jun,https://mtbdata.com/comp/xc-kocevje-uci-c1-08-jun-09-jun-2024-kocevje,XC Kočevje UCI C1,SLO,Kočevje,C1
08 Jun-09 Jun,https://mtbdata.com/comp/serbia-epic-salcano-turkish-serbian-friendship-mtb-cup-08-jun-09-jun-2024-belgrade,Serbia Epic Salcano Turkish-Serbian friendship MTB Cup,SRB,Belgrade,C1
09 Jun-09 Jun,https://mtbdata.com/comp/zanzenbergrennen-09-jun-2024-dornbirn,Zanzenbergrennen,AUT,Dornbirn,C1
09 Jun-09 Jun,https://mtbdata.com/comp/coupe-du-japon-hakusan-ichirino-09-jun-2024-hakusan-ichirino-spa-hakusan-city-ishikawa,Coupe du Japon Hakusan-Ichirino,JPN,"Hakusan-Ichirino Spa, Hakusan City, Ishikawa",C3
09 Jun-09 Jun,https://mtbdata.com/comp/gran-premio-zaragoza-xco-09-jun-2024-zaragoza,Gran Premio Zaragoza XCO,ESP,Zaragoza,C1
12 Jun-12 Jun,https://mtbdata.com/comp/canmore-canada-cup-xco-12-jun-2024-canmore-alberta,Canmore Canada Cup XCO,CAN,"Canmore, Alberta",C1
14 Jun-16 Jun,https://mtbdata.com/comp/uci-mountain-bike-world-cup-xcoxccdhi-14-jun-16-jun-2024,UCI Mountain Bike World Cup XCO/XCC/DHI,ITA,Val Di Sole,CDM
15 Jun-15 Jun,https://mtbdata.com/comp/french-national-championships-xcm-15-jun-2024,French National Championships - XCM,FRA,,CN
16 Jun-16 Jun,https://mtbdata.com/comp/shark-attack-bike-festival-16-jun-2024-lennestadt-saalhausen,Shark Attack Bike-Festival,GER,Lennestadt - Saalhausen,C2
16 Jun-16 Jun,https://mtbdata.com/comp/green-series-xco-barakaldo-2024-16-jun-2024-barakaldo-bizkaia,Green Series XCO Barakaldo 2024,ESP,Barakaldo (Bizkaia),C2
16 Jan-17 Jan,https://mtbdata.com/comp/2024-thailand-moutain-bike-cup-16-jan-17-jan-2024-kanchanaburi-thailand,2024 Thailand Moutain Bike Cup,THA,"Kanchanaburi, Thailand",C1
21 Jan-21 Jan,https://mtbdata.com/comp/xco-cup-alicante-21-jan-2024-alicante,XCO Cup Alicante,ESP,Alicante,C1
27 Jan-30 Jan,https://mtbdata.com/comp/club-la-santa-4-stage-mtb-lanzarote-xcms-27-jan-30-jan-2024-lanzarote,Club La Santa 4 Stage MTB Lanzarote - XCMS,ESP,Lanzarote,S1
04 Feb-04 Feb,https://mtbdata.com/comp/volcat-platja-daro-e-2-04-feb-2024-platja-daro,Volcat Platja D'aro E-2,ESP,Platja D'Aro,C3
08 Feb-11 Feb,https://mtbdata.com/comp/mediterranean-epic-xcms-08-feb-11-feb-2024-oropesa-del-mar-castellon,Mediterranean Epic - XCMS,ESP,Oropesa Del Mar (Castellón),SHC
09 Feb-09 Feb,https://mtbdata.com/comp/israel-spring-round-mishmar-haemek-09-feb-2024-mishmar-haemek,Israel Spring Round - Mishmar Haemek,ISR,Mishmar Haemek,C2
10 Feb-11 Feb,https://mtbdata.com/comp/uci-snow-bike-world-championships-10-feb-11-feb-2024-chatel,UCI SNOW BIKE WORLD CHAMPIONSHIPS,FRA,Châtel,CM
15 Feb-18 Feb,https://mtbdata.com/comp/iii-la-leyenda-de-tartessos-xcms-15-feb-18-feb-2024-el-rompido-cartaya-huelva,III LA Leyenda de Tartessos - XCMS,ESP,"El Rompido (Cartaya, Huelva)",S2
17 Feb-17 Feb,https://mtbdata.com/comp/israel-spring-round-4-lahav-forest-2-17-feb-2024-lahav-forest,Israel Spring Round-4 - Lahav Forest-2,ISR,Lahav Forest,C2
17 Feb-18 Feb,https://mtbdata.com/comp/costa-rican-open-of-downhill-17-feb-18-feb-2024-pista-el-cabuyal-cartago,Costa Rican Open Of Downhill,CRC,"Pista El Cabuyal, Cartago",C2
23 Feb-25 Feb,https://mtbdata.com/comp/tropical-mountain-bike-challenge-23-feb-25-feb-2024-albergue-olimpico-de-salinas-puerto-rico,Tropical Mountain Bike Challenge,PUR,"Albergue Olímpico de Salinas, Puerto Rico",HC
24 Feb-25 Feb,https://mtbdata.com/comp/shimano-supercup-massi-banyoles-uci-xco-junior-series-24-feb-25-feb-2024-banyoles,Shimano Supercup Massi Banyoles + UCI XCO Junior Series,ESP,Banyoles,HC
01 Mar-02 Mar,https://mtbdata.com/comp/paarl-xco-01-mar-02-mar-2024-spice-route-destination-paarl,Paarl XCO,RSA,"Spice Route Destination , Paarl",C2
01 Mar-03 Mar,https://mtbdata.com/comp/new-zealand-national-championships-edr-01-mar-03-mar-2024-nelson,New Zealand National Championships - EDR,NZL,Nelson,CN
02 Mar-03 Mar,https://mtbdata.com/comp/puerto-rico-mtb-cup-02-mar-03-mar-2024-rincon,Puerto Rico MTB Cup,PUR,Rincón,C1
03 Mar-03 Mar,https://mtbdata.com/comp/vtt-chabrieres-03-mar-2024-gueret,VTT chabrieres,FRA,Gueret,C1
08 Mar-09 Mar,https://mtbdata.com/comp/internazionali-crosscountry-coppa-citta-di-albenga-08-mar-09-mar-2024-albenga-sv,Internazionali Crosscountry Coppa Citta Di Albenga,ITA,Albenga Sv,C1
08 Mar-10 Mar,https://mtbdata.com/comp/1-copa-soul-internacional-08-mar-10-mar-2024-lavras-mg,#1 Copa Soul Internacional,BRA,Lavras MG,C1
09 Mar-10 Mar,https://mtbdata.com/comp/gp-xco-internacional-torrenueva-costa-09-mar-10-mar-2024-torrenueva-costa,GP XCO Internacional Torrenueva Costa,ESP,Torrenueva Costa,C2
09 Mar-10 Mar,https://mtbdata.com/comp/fullgaz-race-powered-by-ghost-int-mtb-bundesliga-09-mar-10-mar-2024-obergessertshausen,Fullgaz Race powered by Ghost int. MTB Bundesliga,GER,Obergessertshausen,C1
10 Mar-10 Mar,https://mtbdata.com/comp/gran-premio-ciudad-de-valladolid-btt-xco-10-mar-2024-valladolid,Gran Premio Ciudad de Valladolid BTT XCO,ESP,Valladolid,C2
10 Mar-10 Mar,https://mtbdata.com/comp/argovia-vittoria-fischer-cup-capriasca-challange-10-mar-2024-tesserete,Argovia Vittoria-Fischer Cup: Capriasca Challange,SUI,Tesserete,C2
16 Mar-17 Mar,https://mtbdata.com/comp/pineta-sperane-xco-16-mar-17-mar-2024-san-zeno-di-montagna,Pineta Sperane XCO,ITA,San Zeno di Montagna,C1
16 Mar-24 Mar,https://mtbdata.com/comp/crankworx-rotorua-downhill-16-mar-24-mar-2024-rotorua,Crankworx Rotorua Downhill,NZL,Rotorua,C1
17 Mar-17 Mar,https://mtbdata.com/comp/superprestigio-mtb-17-mar-2024-ancin,Superprestigio MTB,ESP,Ancin,C1
23 Mar-23 Mar,https://mtbdata.com/comp/israel-championship-e-edr-23-mar-2024-north-israel,Israel Championship - E-EDR,ISR,North Israel,CN
23 Mar-23 Mar,https://mtbdata.com/comp/orange-seal-pro-cup-pb-vailocity-23-mar-2024-temecula,Orange Seal Pro Cup p/b Vailocity,USA,Temecula,C1
23 Mar-24 Mar,https://mtbdata.com/comp/oceanian-continental-championships-xco-23-mar-24-mar-2024-brisbane,Oceanian Continental Championships - XCO,AUS,Brisbane,CC
24 Mar-24 Mar,https://mtbdata.com/comp/serbia-epic-medipol-andrevlje-xco-2-24-mar-2024-novi-sad,Serbia Epic Medipol Andrevlje XCO #2,SRB,Novi Sad,C1
24 Mar-24 Mar,https://mtbdata.com/comp/xco-vrtojba-24-mar-2024-vrtojba,XCO Vrtojba,SLO,Vrtojba,C1
24 Mar-24 Mar,https://mtbdata.com/comp/copa-catalana-internacional-btt-biking-point-corro-damunt-24-mar-2024-corro-damunt,Copa Catalana Internacional BTT Biking Point Corró D'amunt,ESP,Corró d'Amunt,C2
28 Mar-31 Mar,https://mtbdata.com/comp/volcat-btt-igualada-xcms-28-mar-31-mar-2024-igualada,Volcat BTT Igualada - XCMS,ESP,Igualada,S1
29 Mar-31 Mar,https://mtbdata.com/comp/sa-xco-cup-series-uci-xco-junior-series-29-mar-31-mar-2024-gauteng,SA XCO Cup Series + UCI XCO Junior Series,RSA,Gauteng,C1
30 Mar-31 Mar,https://mtbdata.com/comp/3-internazionali-ditalia-series-santoporo-xc-30-mar-31-mar-2024-esanatoglia,3# Internazionali D’Italia Series - Santoporo Xc,ITA,Esanatoglia,C1
31 Mar-31 Mar,https://mtbdata.com/comp/serbia-epic-skoda-pozarevac-xco-2-31-mar-2024-pozarevac,Serbia EPIC ŠKODA Požarevac XCO #2,SRB,Požarevac,C1
03 Apr-03 Apr,https://mtbdata.com/comp/us-pro-cup-presented-by-ozark-foundation-03-apr-2024-fayetteville,US Pro Cup presented by Ozark Foundation,USA,Fayetteville,C1
05 Apr-06 Apr,https://mtbdata.com/comp/us-pro-cup-presented-by-ozark-foundation-uci-xco-junior-series-05-apr-06-apr-2024-fayetteville,US Pro Cup presented by Ozark Foundation + UCI XCO Junior Series,USA,Fayetteville,HC
06 Apr-06 Apr,https://mtbdata.com/comp/11a-jamon-bike-xcm-06-apr-2024-calamocha-teruel,11ª Jamón Bike - XCM,ESP,Calamocha (Teruel),C2
06 Apr-07 Apr,https://mtbdata.com/comp/oceanian-continental-championships-dhi-06-apr-07-apr-2024-illinbah,Oceanian Continental Championships - DHI,AUS,Illinbah,CC
06 Apr-07 Apr,https://mtbdata.com/comp/abrantes-xco-06-apr-07-apr-2024-abrantes-portugal,Abrantes - XCO,POR,"Abrantes, Portugal",C1
12 Apr-14 Apr,https://mtbdata.com/comp/uci-mountain-bike-world-cup-xcoxcc-12-apr-14-apr-2024,UCI Mountain Bike World Cup XCO/XCC,BRA,Mairiporã,CDM
12 Apr-12 Apr,https://mtbdata.com/comp/israel-cup3-modiihin-12-apr-2024-modiin,Israel Cup3 Modi'ihin,ISR,Modi'In,C2
13 Apr-14 Apr,https://mtbdata.com/comp/otztaler-mountainbike-festival-uci-xco-junior-series-13-apr-14-apr-2024-haiming,Ötztaler Mountainbike Festival + UCI XCO Junior Series,AUT,Haiming,HC
19 Apr-21 Apr,https://mtbdata.com/comp/uci-mountain-bike-world-cup-xcoxcc-19-apr-21-apr-2024,UCI Mountain Bike World Cup XCO/XCC,BRA,Araxa,CDM
20 Apr-20 Apr,https://mtbdata.com/comp/xco-drozdovo-20-apr-2024-bike-park-drozdovo,XCO Drozdovo,SVK,Bike Park Drozdovo,C1
21 Apr-21 Apr,https://mtbdata.com/comp/xxi-mtb-rusza-peleton-puchar-polski-ii-memorial-im-wieslawa-grabka-21-apr-2024-ogrodniczki-gm-suprasl,"XXI MTB ""Rusza Peleton"" Puchar Polski II Memoriał im. Wiesława Grabka",POL,"Ogrodniczki, gm. Supraśl",C3
21 Apr-21 Apr,https://mtbdata.com/comp/gp-x-sauce-21-apr-2024-alpedrete-madrid,G.P. X-Sauce,ESP,Alpedrete (Madrid),C1
21 Apr-21 Apr,https://mtbdata.com/comp/templarios-uci-mtb-race-jerez-de-los-caballeros-xcm-21-apr-2024-jerez-de-los-caballeros,Templarios UCI MTB Race Jerez De Los Caballeros - XCM,ESP,Jerez de Los Caballeros,C1
26 Apr-27 Apr,https://mtbdata.com/comp/namibian-national-championships-xco-xcc-e-xc-26-apr-27-apr-2024-windhoek,Namibian National Championships - XCO - XCC - E-XC,NAM,Windhoek,CN
27 Apr-28 Apr,https://mtbdata.com/comp/international-mtb-bundesliga-heubacher-mountainbikefestival-bike-the-rock-uci-xco-junior-series-27-apr-28-apr-2024-heubach,International MTB Bundesliga - Heubacher Mountainbikefestival Bike the Rock + UCI XCO Junior Series,GER,Heubach,HC
27 Apr-28 Apr,https://mtbdata.com/comp/taca-portugal-xco-27-apr-28-apr-2024-lousada,Taça Portugal XCO,POR,Lousada,C1
28 Apr-28 Apr,https://mtbdata.com/comp/roc-dardenne-xcm-28-apr-2024-houffalize,Roc d'Ardenne - XCM,BEL,Houffalize,C1
28 Apr-28 Apr,https://mtbdata.com/comp/shimano-supercup-massi-baza-28-apr-2024-baza,Shimano Supercup Massi Baza,ESP,Baza,C1
03 May-05 May,https://mtbdata.com/comp/uci-mountain-bike-world-cup-dhi-03-may-05-may-2024,UCI Mountain Bike World Cup DHI,GBR,"Fort Willian, Scotland",CDM
03 May-04 May,https://mtbdata.com/comp/rye-bike-festival-rye-terrengsykkelfestival-xco-xcc-03-may-04-may-2024-oslo,Rye bike festival / Rye terrengsykkelfestival XCO-XCC,NOR,Oslo,C3
04 May-04 May,https://mtbdata.com/comp/scott-bike-marathon-xcm-04-may-2024-riva-del-garda,Scott Bike Marathon - XCM,ITA,Riva del Garda,C1
04 May-05 May,https://mtbdata.com/comp/czech-mtb-cup-04-may-05-may-2024-mesto-touskov,Czech MTB Cup,CZE,Mesto Touskov,C1
05 May-05 May,https://mtbdata.com/comp/green-series-xco-berriz-2024-05-may-2024-berriz-bizkaia,Green Series XCO Berriz 2024,ESP,Berriz (Bizkaia),C2
05 May-05 May,https://mtbdata.com/comp/zachodnia-liga-mtb-xcm-05-may-2024-barwice-luboradza,Zachodnia Liga MTB - XCM,POL,Barwice - Luboradza,C3
05 May-05 May,https://mtbdata.com/comp/okk-bike-revolution-2-uci-xco-junior-series-05-may-2024-chur,Ökk Bike Revolution #2 + UCI XCO Junior Series,SUI,Chur,HC
08 May-12 May,https://mtbdata.com/comp/uec-mountainbike-european-continental-championships-xcoxccxcrxce-08-may-12-may-2024-cheile-gradistei,UEC Mountainbike European Continental Championships - XCO/XCC/XCR/XCE,ROU,Cheile Gradistei,CC
10 May-12 May,https://mtbdata.com/comp/asian-continental-championships-xco-dhi-xcr-xce-10-may-12-may-2024-putrajaya,Asian Continental Championships - XCO - DHI - XCR - XCE,MAS,Putrajaya,CC
11 May-12 May,https://mtbdata.com/comp/mtb-french-cup-powered-by-skf-dhi-11-may-12-may-2024,MTB French Cup Powered By SKF - DHI,FRA,,C1
16 May-19 May,https://mtbdata.com/comp/uci-mountain-bike-masters-world-championships-16-may-19-may-2024-cairns,UCI MOUNTAIN BIKE MASTERS WORLD CHAMPIONSHIPS,AUS,Cairns,CMM
17 May-19 May,https://mtbdata.com/comp/uci-mountain-bike-world-cup-dhiedre-edr-17-may-19-may-2024,UCI Mountain Bike World Cup DHI/EDR/E-EDR,POL,Bielsko Biala,CDM
17 May-18 May,https://mtbdata.com/comp/englewood-open-uci-xco-junior-series-17-may-18-may-2024-fall-river-wi,Englewood Open + UCI XCO Junior Series,USA,Fall River WI,C1
18 May-18 May,https://mtbdata.com/comp/slovak-national-championships-xcm-18-may-2024-rajecke-teplice,Slovak National Championships - XCM,SVK,Rajecke Teplice,CN
18 May-18 May,https://mtbdata.com/comp/courmayeur-mtb-event-18-may-2024-courmayeur-ao,Courmayeur MTB Event,ITA,Courmayeur AO,C1
18 May-19 May,https://mtbdata.com/comp/subterra-grand-prix-zadov-czech-mtb-cup-xco-18-may-19-may-2024-zadov,Subterra Grand Prix Zadov - Czech MTB Cup XCO,CZE,Zadov,C1
18 May-19 May,https://mtbdata.com/comp/swiss-bike-cup-crans-montana-uci-xco-junior-series-18-may-19-may-2024-crans-montana,Swiss Bike Cup Crans Montana + UCI XCO Junior Series,SUI,Crans Montana,C1
19 May-19 May,https://mtbdata.com/comp/jura-bike-marathon-by-scott-xcm-19-may-2024-vallorbe,Jura Bike Marathon by Scott - XCM,SUI,Vallorbe,C1
19 May-19 May,https://mtbdata.com/comp/hardwood-canada-cup-pb-trek-19-may-2024-hardwood-ski-and-bike-oro-medonte-ontario,Hardwood Canada Cup p/b Trek,CAN,"Hardwood Ski and Bike, Oro Medonte, Ontario",C2
19 May-19 May,https://mtbdata.com/comp/superprestigio-mtb-19-may-2024-arguedas-navarra,Superprestigio MTB,ESP,Arguedas (Navarra),C1
24 May-26 May,https://mtbdata.com/comp/uci-mountain-bike-world-cup-xcoxcc-24-may-26-may-2024,UCI Mountain Bike World Cup XCO/XCC,cze,Nove Mesto Nà Morave,CDM
25 May-25 May,https://mtbdata.com/comp/nove-mesto-na-morave-uci-xco-junior-series-25-may-2024-nove-mesto-na-morave-czechia,Nové Město na Moravě - UCI XCO Junior Series,CZE,"Nové Město na Moravě, Czechia",HC
25 May-26 May,https://mtbdata.com/comp/coupe-de-japon-mtb-yawatahama-international-mtb-race2024asian-series-uci-xco-junior-series-25-may-26-may-2024-yawatahama-cityehime,Coupe de Japon MTB Yawatahama International MTB Race2024+Asian Series + UCI XCO Junior Series,JPN,"Yawatahama City,Ehime",C1
26 May-26 May,https://mtbdata.com/comp/copa-catalana-internacional-btt-biking-point-vic-26-may-2024-vic,Copa Catalana Internacional BTT Biking Point Vic,ESP,Vic,C3
31 May-01 Jun,https://mtbdata.com/comp/french-national-championships-edr-31-may-01-jun-2024,French National Championships - EDR,FRA,,CN
01 Jun-02 Jun,https://mtbdata.com/comp/salvadoran-national-championships-dhi-01-jun-02-jun-2024-la-libertad,Salvadoran National Championships - DHI,ESA,La Libertad,CN
01 Jun-02 Jun,https://mtbdata.com/comp/lugnet-xco-01-jun-02-jun-2024-falun,Lugnet XCO,SWE,Falun,C2
02 Jun-02 Jun,https://mtbdata.com/comp/reto-hacienda-sabanera-02-jun-2024-cidra-puerto-rico,Reto Hacienda Sabanera,PUR,"Cidra, Puerto Rico",C1
02 Jun-02 Jun,https://mtbdata.com/comp/zachodnia-liga-mtb-atf-maraton-xcm-02-jun-2024-polczyn-zdroj,Zachodnia Liga MTB ATF Maraton - XCM,POL,Połczyn-Zdrój,C3
02 Jun-02 Jun,https://mtbdata.com/comp/city-mountainbike-xcc-02-jun-2024-leuven,City Mountainbike - XCC,BEL,Leuven,C3
06 Jun-06 Jun,https://mtbdata.com/comp/south-african-national-championships-xco-xcc-xcm-06-jun-2024-cape-town,South African National Championships - XCO - XCC - XCM,RSA,Cape Town,CN
07 Jun-09 Jun,https://mtbdata.com/comp/uci-mountain-bike-world-cup-dhiedre-edr-07-jun-09-jun-2024,UCI Mountain Bike World Cup DHI/EDR/E-EDR,AUT,Seelfelden Leogang,CDM
07 Jun-09 Jun,https://mtbdata.com/comp/mtb-french-cup-powered-by-skf-xcoxcc-uci-xco-junior-series-07-jun-09-jun-2024-ussel,MTB French Cup Powered By SKF - XCO/XCC + UCI XCO Junior Series,FRA,Ussel,HC
08 Jun-08 Jun,https://mtbdata.com/comp/prima-cup-skoda-auto-dolni-morava-xcm-08-jun-2024-dolni-morava,Prima Cup - Skoda Auto Dolni Morava - XCM,CZE,Dolni Morava,C2
08 Jun-08 Jun,https://mtbdata.com/comp/missoula-xc-uci-xco-junior-series-08-jun-2024-missoula-montana,Missoula XC + UCI XCO Junior Series,USA,"Missoula, Montana",C1
08 Jun-09 Jun,https://mtbdata.com/comp/oslo-terrengsykkelfestival-08-jun-09-jun-2024-oslo,Oslo Terrengsykkelfestival,NOR,Oslo,C1
08 Jun-09 Jun,https://mtbdata.com/comp/swiss-bike-cup-leysin-08-jun-09-jun-2024-leysin,Swiss Bike Cup Leysin,SUI,Leysin,C1
08 Jun-09 Jun,https://mtbdata.com/comp/borlange-tour-08-jun-09-jun-2024-borlange,Borlänge Tour,SWE,Borlänge,C1
08 Jun-09 Jun,https://mtbdata.com/comp/asvo-raiffeisen-osterreich-grand-prix-08-jun-09-jun-2024-windhaag-bei-perg,ASVÖ Raiffeisen Österreich Grand Prix,AUT,Windhaag bei Perg,C1
09 Jun-09 Jun,https://mtbdata.com/comp/argovia-vittoria-fischer-cup-mtb-cross-biasca-09-jun-2024-biasca,Argovia Vittoria-Fischer Cup: MTB Cross Biasca,SUI,Biasca,C2
09 Jun-09 Jun,https://mtbdata.com/comp/baie-saint-paul-canada-cup-xco-09-jun-2024-baie-saint-paul-quebec,Baie-Saint-Paul Canada Cup XCO,CAN,"Baie-Saint-Paul, Quebec",C1
09 Jun-09 Jun,https://mtbdata.com/comp/uec-mountainbike-european-continental-championships-xcm-09-jun-2024-gdynia,UEC Mountainbike European Continental Championships - XCM,POL,Gdynia,CC
13 Jun-13 Jun,https://mtbdata.com/comp/canmore-canada-cup-xcc-13-jun-2024-canmore-alberta,Canmore Canada Cup XCC,CAN,"Canmore, Alberta",C3
15 Jun-15 Jun,https://mtbdata.com/comp/canmore-canada-cup-xco-uci-xco-junior-series-15-jun-2024-canmore-alberta,Canmore Canada Cup XCO + UCI XCO Junior Series,CAN,"Canmore, Alberta",C1
15 Jun-15 Jun,https://mtbdata.com/comp/hero-sudtirol-dolomites-xcm-15-jun-2024-selva-val-gardena,Hero Südtirol Dolomites - XCM,ITA,Selva Val Gardena,HC
16 Jun-16 Jun,https://mtbdata.com/comp/copa-catalana-internacional-btt-biking-point-vall-de-boi-16-jun-2024-barruera-vall-de-boi,Copa Catalana Internacional BTT Biking Point Vall De Boí,ESP,Barruera (Vall De Boi),C2
20 Jun-23 Jun,https://mtbdata.com/comp/alpentour-trophy-xcms-20-jun-23-jun-2024-schladming,Alpentour Trophy - XCMS,AUT,Schladming,S1
21 Jun-23 Jun,https://mtbdata.com/comp/uci-mountain-bike-world-cup-xcoxcc-21-jun-23-jun-2024,UCI Mountain Bike World Cup XCO/XCC,SUI,Crans Montana,CDM
21 Jun-23 Jun,https://mtbdata.com/comp/2-cimtb-21-jun-23-jun-2024-nova-lima-mg,#2 CIMTB,BRA,Nova Lima MG,C1
27 Jun-30 Jun,https://mtbdata.com/comp/uci-mountain-bike-world-cup-edre-edr-28-jun-30-jun-2024,UCI Mountain Bike World Cup EDR/E-EDR,FRA,Haute-Savoie,CDM
29 Jun-29 Jun,https://mtbdata.com/comp/alpago-bike-funtastic-internazionali-ditalia-series-uci-xco-junior-series-29-jun-2024-lamosano-di-chies-dalpago,Alpago Bike Funtastic - Internazionali D'italia Series + UCI XCO Junior Series,ITA,Lamosano Di Chies D'alpago,C1
30 Jun-30 Jun,https://mtbdata.com/comp/okk-bike-revolution-4-30-jun-2024-davos,Ökk Bike Revolution #4,SUI,Davos,HC
30 Jun-30 Jun,https://mtbdata.com/comp/gran-premio-ciudad-del-ciclismo-btt-xco-30-jun-2024-cervera-del-maestrat,Gran Premio Ciudad del Ciclismo BTT XCO,ESP,Cervera Del Maestrat,C2
07 Jul-08 Jul,https://mtbdata.com/comp/fernie-canada-cup-dh-07-jul-08-jul-2024-fernie-british-columbia,Fernie Canada Cup DH,CAN,"Fernie, British Columbia",C2
12 Jul-12 Jul,https://mtbdata.com/comp/dieppe-canada-cup-xcc-12-jul-2024-dieppe-new-brunswick,Dieppe Canada Cup XCC,CAN,"Dieppe, New Brunswick",C3
13 Jul-13 Jul,https://mtbdata.com/comp/grazer-bike-festival-stattegg-13-jul-2024-grazstattegg,Grazer Bike-Festival Stattegg,AUT,Graz/Stattegg,C1
13 Jul-13 Jul,https://mtbdata.com/comp/uci-mtb-eliminator-world-championships-xce-13-jul-2024-aalen,UCI MTB ELIMINATOR WORLD CHAMPIONSHIPS - XCE,GER,Aalen,CM
13 Jul-14 Jul,https://mtbdata.com/comp/portuguese-national-championships-xco-xcc-13-jul-14-jul-2024-cruz-quebrada-oeiras,Portuguese National Championships - XCO - XCC,POR,Cruz Quebrada - Oeiras,CN
13 Jul-14 Jul,https://mtbdata.com/comp/kicking-horse-canada-cup-dh-13-jul-14-jul-2024-golden-british-columbia,Kicking Horse Canada Cup DH,CAN,"Golden, British Columbia",C2
14 Jul-14 Jul,https://mtbdata.com/comp/brasilian-national-championships-dhi-14-jul-2024-pomerode,Brasilian National Championships - DHI,BRA,Pomerode,CN
16 Jul-21 Jul,https://mtbdata.com/comp/american-national-championships-xco-xcc-16-jul-21-jul-2024-macungie-pa,American National Championships - XCO - XCC,USA,"Macungie, PA",CN
19 Jul-20 Jul,https://mtbdata.com/comp/campeonato-nacional-de-mtb-xcc-xco-2024-19-jul-20-jul-2024-ayacucho,Campeonato Nacional de MTB XCC/ XCO 2024,PUR,Ayacucho,CN
19 Jul-21 Jul,https://mtbdata.com/comp/brasilian-national-championships-xco-xcc-xce-19-jul-21-jul-2024-londrina-pr,Brasilian National Championships XCO-XCC-XCE,BRA,Londrina - Pr,CN
20 Jul-21 Jul,https://mtbdata.com/comp/malaysian-national-championships-xco-xcc-xce-dhi-20-jul-21-jul-2024-putrajaya,Malaysian National Championships - XCO -XCC - XCE - DHI,MAS,Putrajaya,CN
20 Jul-21 Jul,https://mtbdata.com/comp/canadian-national-championships-xco-xcc-20-jul-21-jul-2024-kentville-nova-scotia,Canadian National Championships - XCO - XCC,CAN,"Kentville, Nova Scotia",CN
20 Jul-21 Jul,https://mtbdata.com/comp/irish-national-championships-xco-20-jul-21-jul-2024-ireland,Irish National Championships - XCO,IRL,Ireland,CN
20 Jul-21 Jul,https://mtbdata.com/comp/costa-rican-national-championships-xco-xcc-xce-20-jul-21-jul-2024-san-jose,Costa Rican National Championships XCO-XCC-XCE,CRC,San Jose,CN
20 Jul-21 Jul,https://mtbdata.com/comp/czech-national-championships-xcc-xco-20-jul-21-jul-2024-harrachov,Czech National Championships - XCC - XCO,CZE,Harrachov,CN
20 Jul-21 Jul,https://mtbdata.com/comp/estonian-national-championships-xco-xcc-dhi-20-jul-21-jul-2024-kivioli,Estonian National Championships - XCO - XCC - DHI,EST,Kiviõli,CN
21 Jul-21 Jul,https://mtbdata.com/comp/xcm-herzegovina-xcm-21-jul-2024-nature-park-blidinje,XCM Herzegovina - XCM,BIH,Nature park Blidinje,C1
27 Jul-28 Jul,https://mtbdata.com/comp/japanese-national-championships-dhi-27-jul-28-jul-2024-gifu-prefecture,Japanese National Championships - DHI,JPN,Gifu Prefecture,CN
28 Jul-29 Jul,https://mtbdata.com/comp/jeux-olympiques-olympic-games-28-jul-29-jul-2024-paris,Jeux Olympiques / Olympic Games,FRA,Paris,JO
03 Aug-04 Aug,https://mtbdata.com/comp/silver-star-canada-cup-dh-03-aug-04-aug-2024-silver-star-british-columbia,Silver Star Canada Cup DH,CAN,"Silver Star, British Columbia",C1
04 Aug-04 Aug,https://mtbdata.com/comp/paraguayan-national-championships-xcm-e-xcm-04-aug-2024-tras-ybytyrusu,Paraguayan National Championships - XCM - E-XCM,PAR,Tras Ybytyrusu,CN
10 Aug-10 Aug,https://mtbdata.com/comp/gorale-na-start-10-aug-2024-boguszow-gorce,Górale na Start,POL,Boguszów-Gorce,C2
10 Aug-11 Aug,https://mtbdata.com/comp/canadian-national-championships-dhi-10-aug-11-aug-2024-sun-peaks-british-columbia,Canadian National Championships - DHI,CAN,"Sun Peaks, British Columbia",CN
16 Aug-18 Aug,https://mtbdata.com/comp/3-cimtb-16-aug-18-aug-2024-pocos-de-caldas-mg,#3 CIMTB,BRA,Poços de Caldas MG,C1
18 Aug-18 Aug,https://mtbdata.com/comp/3-desafio-dos-gigantes-shimano-fest-18-aug-2024-sao-paulo-sp,#3 Desafio dos Gigantes Shimano Fest,BRA,São Paulo SP,C3
22 Aug-24 Aug,https://mtbdata.com/comp/french-national-championships-dhi-22-aug-24-aug-2024,French National Championships - DHI,FRA,,CN
24 Aug-24 Aug,https://mtbdata.com/comp/grand-raid-bcvs-mtb-alpine-cup-xcm-24-aug-2024-verbier-grimentz,Grand Raid BCVS - MTB Alpine Cup - XCM,SUI,"Verbier, Grimentz",HC
24 Aug-24 Aug,https://mtbdata.com/comp/st-felicien-canada-cup-xcc-24-aug-2024-st-felicien-quebec,St. Félicien Canada Cup XCC,CAN,"St. Félicien, Quebec",C3
24 Aug-25 Aug,https://mtbdata.com/comp/copa-paraguay-k6-naranjal-mountain-bike-24-aug-25-aug-2024-naranjalalto-parana,Copa Paraguay K6 Naranjal Mountain Bike,PAR,Naranjal/Alto Parana,C2
24 Aug-25 Aug,https://mtbdata.com/comp/dalatrakken-mtb-2024-24-aug-25-aug-2024-brumunddal,Dalatråkken MTB 2024,NOR,Brumunddal,C1
25 Aug-25 Aug,https://mtbdata.com/comp/st-felicien-canada-cup-xco-25-aug-2024-st-felicien-quebec,St. Félicien Canada Cup XCO,CAN,"St. Félicien, Quebec",C1
06 Sep-08 Sep,https://mtbdata.com/comp/uci-mountain-bike-world-cup-dhiedre-edr-06-sep-08-sep-2024,UCI Mountain Bike World Cup DHI/EDR/E-EDR,FRA,Loudenvielle,CDM
07 Sep-07 Sep,https://mtbdata.com/comp/copa-catalana-internacional-btt-biking-point-barcelona-07-sep-2024-barcelona,Copa Catalana Internacional btt Biking Point Barcelona,ESP,Barcelona,C2
07 Sep-08 Sep,https://mtbdata.com/comp/sande-mtb-weekend-07-sep-08-sep-2024-sande-i-vestfold,Sande MTB Weekend,NOR,Sande i Vestfold,C1
08 Sep-08 Sep,https://mtbdata.com/comp/mythos-primiero-dolomiti-xcm-08-sep-2024-primiero-san-martino-di-castrozza,Mythos Primiero Dolomiti - XCM,ITA,Primiero San Martino di Castrozza,C2
14 Sep-14 Sep,https://mtbdata.com/comp/prima-cup-harrachov-xcm-14-sep-2024-harrachov,Prima CUP - Harrachov - XCM,CZE,Harrachov,C2
14 Sep-15 Sep,https://mtbdata.com/comp/karl-xii-rittet-14-sep-15-sep-2024-halden,Karl XII Rittet,NOR,Halden,C1
15 Sep-15 Sep,https://mtbdata.com/comp/okk-bike-revolution-6-15-sep-2024-huttwil,Ökk Bike Revolution #6,SUI,Huttwil,HC
15 Sep-15 Sep,https://mtbdata.com/comp/mtb-french-cup-powered-by-skf-dhi-15-sep-2024,MTB French Cup Powered By SKF - DHI,FRA,,C1
16 Sep-17 Sep,https://mtbdata.com/comp/taca-brasil-de-xco-rj-16-sep-17-sep-2024-petropolis,Taça Brasil de XCO-RJ,BRA,Petrópolis,C2
21 Sep-21 Sep,https://mtbdata.com/comp/shimano-supercup-massi-girona-21-sep-2024-girona,Shimano Supercup Massi Girona,ESP,Girona,C2
21 Sep-21 Sep,https://mtbdata.com/comp/nockstein-trophy-21-sep-2024-koppl,Nockstein Trophy,AUT,Koppl,C2
21 Sep-22 Sep,https://mtbdata.com/comp/uci-mtb-marathon-world-championships-21-sep-22-sep-2024-snowshoe,UCI MTB MARATHON WORLD CHAMPIONSHIPS,USA,Snowshoe,CM
27 Sep-29 Sep,https://mtbdata.com/comp/uci-mountain-bike-world-cup-xcoxcc-27-sep-29-sep-2024,UCI Mountain Bike World Cup XCO/XCC,USA,Lake Placid,CDM
29 Sep-29 Sep,https://mtbdata.com/comp/cyprus-national-championships-xce-29-sep-2024-pera-orinis,Cyprus National Championships - XCE,CYP,Pera Orinis,CN
02 Oct-05 Oct,https://mtbdata.com/comp/momentum-medical-scheme-cape-pioneer-trek-presented-by-biogen-xcms-02-oct-05-oct-2024-oudtshoorn,Momentum Medical Scheme Cape Pioneer Trek presented by Biogen - XCMS,RSA,Oudtshoorn,S1
04 Oct-06 Oct,https://mtbdata.com/comp/ixs-downhill-cup-04-oct-06-oct-2024,iXS Downhill Cup,SUI,,C2
05 Oct-06 Oct,https://mtbdata.com/comp/italian-national-championships-edr-05-oct-06-oct-2024-campo-nellelba-isola-delba,Italian National Championships - EDR,ITA,Campo Nell'elba - Isola D'elba,CN
06 Oct-06 Oct,https://mtbdata.com/comp/mtb-eliminator-gibraltar-06-oct-2024-gibraltar,MTB Eliminator Gibraltar,GBR,Gibraltar,C3
08 Oct-08 Oct,https://mtbdata.com/comp/brasilian-national-championships-xcm-08-oct-2024-campo-de-brito-se,Brasilian National Championships - XCM,BRA,Campo de Brito SE,CN
13 Oct-13 Oct,https://mtbdata.com/comp/castro-legend-cup-x-legend-ditalia-xcm-13-oct-2024-castro-le,Castro Legend Cup - X Legend d'Italia - XCM,ITA,Castro LE,C2
20 Oct-20 Oct,https://mtbdata.com/comp/south-african-national-championships-xcm-20-oct-2024-gauteng,South African National Championships - XCM,RSA,Gauteng,CN
26 Oct-26 Oct,https://mtbdata.com/comp/israel-cup-5-elad-26-oct-2024-elad,Israel Cup 5 Elad,ISR,Elad,C1
27 Oct-27 Oct,https://mtbdata.com/comp/cyprus-national-championships-dhi-27-oct-2024-macheras,Cyprus National Championships - DHI,CYP,Macheras,CN
01 Dec-01 Dec,https://mtbdata.com/comp/chile-national-championships-dhi-01-dec-2024-temuco,Chile National Championships - DHI,CHI,Temuco,CN
08 Dec-08 Dec,https://mtbdata.com/comp/hong-kong-national-championships-dhi-08-dec-2024-hong-kong,Hong Kong National Championships - DHI,HKG,Hong Kong,CN
21 Jun-23 Jun,https://mtbdata.com/comp/uci-mountain-bike-world-cup-xcoxcc-21-jun-23-jun-2024,UCI Mountain Bike World Cup XCO/XCC,SUI,Crans Montana,CDM
21 Jun-23 Jun,https://mtbdata.com/comp/2-cimtb-21-jun-23-jun-2024-nova-lima-mg,#2 CIMTB,BRA,Nova Lima MG,C1
27 Jun-30 Jun,https://mtbdata.com/comp/uci-mountain-bike-world-cup-edre-edr-28-jun-30-jun-2024,UCI Mountain Bike World Cup EDR/E-EDR,FRA,Haute-Savoie,CDM
29 Jun-29 Jun,https://mtbdata.com/comp/alpago-bike-funtastic-internazionali-ditalia-series-uci-xco-junior-series-29-jun-2024-lamosano-di-chies-dalpago,Alpago Bike Funtastic - Internazionali D'italia Series + UCI XCO Junior Series,ITA,Lamosano Di Chies D'alpago,C1
30 Jun-30 Jun,https://mtbdata.com/comp/okk-bike-revolution-4-30-jun-2024-davos,Ökk Bike Revolution #4,SUI,Davos,HC
30 Jun-30 Jun,https://mtbdata.com/comp/gran-premio-ciudad-del-ciclismo-btt-xco-30-jun-2024-cervera-del-maestrat,Gran Premio Ciudad del Ciclismo BTT XCO,ESP,Cervera Del Maestrat,C2
07 Jul-08 Jul,https://mtbdata.com/comp/fernie-canada-cup-dh-07-jul-08-jul-2024-fernie-british-columbia,Fernie Canada Cup DH,CAN,"Fernie, British Columbia",C2
12 Jul-12 Jul,https://mtbdata.com/comp/dieppe-canada-cup-xcc-12-jul-2024-dieppe-new-brunswick,Dieppe Canada Cup XCC,CAN,"Dieppe, New Brunswick",C3
13 Jul-13 Jul,https://mtbdata.com/comp/grazer-bike-festival-stattegg-13-jul-2024-grazstattegg,Grazer Bike-Festival Stattegg,AUT,Graz/Stattegg,C1
13 Jul-13 Jul,https://mtbdata.com/comp/uci-mtb-eliminator-world-championships-xce-13-jul-2024-aalen,UCI MTB ELIMINATOR WORLD CHAMPIONSHIPS - XCE,GER,Aalen,CM
13 Jul-14 Jul,https://mtbdata.com/comp/portuguese-national-championships-xco-xcc-13-jul-14-jul-2024-cruz-quebrada-oeiras,Portuguese National Championships - XCO - XCC,POR,Cruz Quebrada - Oeiras,CN
13 Jul-14 Jul,https://mtbdata.com/comp/kicking-horse-canada-cup-dh-13-jul-14-jul-2024-golden-british-columbia,Kicking Horse Canada Cup DH,CAN,"Golden, British Columbia",C2
14 Jul-14 Jul,https://mtbdata.com/comp/brasilian-national-championships-dhi-14-jul-2024-pomerode,Brasilian National Championships - DHI,BRA,Pomerode,CN
16 Jul-21 Jul,https://mtbdata.com/comp/american-national-championships-xco-xcc-16-jul-21-jul-2024-macungie-pa,American National Championships - XCO - XCC,USA,"Macungie, PA",CN
19 Jul-20 Jul,https://mtbdata.com/comp/campeonato-nacional-de-mtb-xcc-xco-2024-19-jul-20-jul-2024-ayacucho,Campeonato Nacional de MTB XCC/ XCO 2024,PUR,Ayacucho,CN
19 Jul-21 Jul,https://mtbdata.com/comp/brasilian-national-championships-xco-xcc-xce-19-jul-21-jul-2024-londrina-pr,Brasilian National Championships XCO-XCC-XCE,BRA,Londrina - Pr,CN
20 Jul-21 Jul,https://mtbdata.com/comp/malaysian-national-championships-xco-xcc-xce-dhi-20-jul-21-jul-2024-putrajaya,Malaysian National Championships - XCO -XCC - XCE - DHI,MAS,Putrajaya,CN
20 Jul-21 Jul,https://mtbdata.com/comp/canadian-national-championships-xco-xcc-20-jul-21-jul-2024-kentville-nova-scotia,Canadian National Championships - XCO - XCC,CAN,"Kentville, Nova Scotia",CN
20 Jul-21 Jul,https://mtbdata.com/comp/irish-national-championships-xco-20-jul-21-jul-2024-ireland,Irish National Championships - XCO,IRL,Ireland,CN
20 Jul-21 Jul,https://mtbdata.com/comp/costa-rican-national-championships-xco-xcc-xce-20-jul-21-jul-2024-san-jose,Costa Rican National Championships XCO-XCC-XCE,CRC,San Jose,CN
20 Jul-21 Jul,https://mtbdata.com/comp/czech-national-championships-xcc-xco-20-jul-21-jul-2024-harrachov,Czech National Championships - XCC - XCO,CZE,Harrachov,CN
20 Jul-21 Jul,https://mtbdata.com/comp/estonian-national-championships-xco-xcc-dhi-20-jul-21-jul-2024-kivioli,Estonian National Championships - XCO - XCC - DHI,EST,Kiviõli,CN
21 Jul-21 Jul,https://mtbdata.com/comp/xcm-herzegovina-xcm-21-jul-2024-nature-park-blidinje,XCM Herzegovina - XCM,BIH,Nature park Blidinje,C1
27 Jul-28 Jul,https://mtbdata.com/comp/japanese-national-championships-dhi-27-jul-28-jul-2024-gifu-prefecture,Japanese National Championships - DHI,JPN,Gifu Prefecture,CN
28 Jul-29 Jul,https://mtbdata.com/comp/jeux-olympiques-olympic-games-28-jul-29-jul-2024-paris,Jeux Olympiques / Olympic Games,FRA,Paris,JO
03 Aug-04 Aug,https://mtbdata.com/comp/silver-star-canada-cup-dh-03-aug-04-aug-2024-silver-star-british-columbia,Silver Star Canada Cup DH,CAN,"Silver Star, British Columbia",C1
04 Aug-04 Aug,https://mtbdata.com/comp/paraguayan-national-championships-xcm-e-xcm-04-aug-2024-tras-ybytyrusu,Paraguayan National Championships - XCM - E-XCM,PAR,Tras Ybytyrusu,CN
10 Aug-10 Aug,https://mtbdata.com/comp/gorale-na-start-10-aug-2024-boguszow-gorce,Górale na Start,POL,Boguszów-Gorce,C2
10 Aug-11 Aug,https://mtbdata.com/comp/canadian-national-championships-dhi-10-aug-11-aug-2024-sun-peaks-british-columbia,Canadian National Championships - DHI,CAN,"Sun Peaks, British Columbia",CN
16 Aug-18 Aug,https://mtbdata.com/comp/3-cimtb-16-aug-18-aug-2024-pocos-de-caldas-mg,#3 CIMTB,BRA,Poços de Caldas MG,C1
18 Aug-18 Aug,https://mtbdata.com/comp/3-desafio-dos-gigantes-shimano-fest-18-aug-2024-sao-paulo-sp,#3 Desafio dos Gigantes Shimano Fest,BRA,São Paulo SP,C3
22 Aug-24 Aug,https://mtbdata.com/comp/french-national-championships-dhi-22-aug-24-aug-2024,French National Championships - DHI,FRA,,CN
24 Aug-24 Aug,https://mtbdata.com/comp/grand-raid-bcvs-mtb-alpine-cup-xcm-24-aug-2024-verbier-grimentz,Grand Raid BCVS - MTB Alpine Cup - XCM,SUI,"Verbier, Grimentz",HC
24 Aug-24 Aug,https://mtbdata.com/comp/st-felicien-canada-cup-xcc-24-aug-2024-st-felicien-quebec,St. Félicien Canada Cup XCC,CAN,"St. Félicien, Quebec",C3
24 Aug-25 Aug,https://mtbdata.com/comp/copa-paraguay-k6-naranjal-mountain-bike-24-aug-25-aug-2024-naranjalalto-parana,Copa Paraguay K6 Naranjal Mountain Bike,PAR,Naranjal/Alto Parana,C2
24 Aug-25 Aug,https://mtbdata.com/comp/dalatrakken-mtb-2024-24-aug-25-aug-2024-brumunddal,Dalatråkken MTB 2024,NOR,Brumunddal,C1
25 Aug-25 Aug,https://mtbdata.com/comp/st-felicien-canada-cup-xco-25-aug-2024-st-felicien-quebec,St. Félicien Canada Cup XCO,CAN,"St. Félicien, Quebec",C1
06 Sep-08 Sep,https://mtbdata.com/comp/uci-mountain-bike-world-cup-dhiedre-edr-06-sep-08-sep-2024,UCI Mountain Bike World Cup DHI/EDR/E-EDR,FRA,Loudenvielle,CDM
07 Sep-07 Sep,https://mtbdata.com/comp/copa-catalana-internacional-btt-biking-point-barcelona-07-sep-2024-barcelona,Copa Catalana Internacional btt Biking Point Barcelona,ESP,Barcelona,C2
07 Sep-08 Sep,https://mtbdata.com/comp/sande-mtb-weekend-07-sep-08-sep-2024-sande-i-vestfold,Sande MTB Weekend,NOR,Sande i Vestfold,C1
08 Sep-08 Sep,https://mtbdata.com/comp/mythos-primiero-dolomiti-xcm-08-sep-2024-primiero-san-martino-di-castrozza,Mythos Primiero Dolomiti - XCM,ITA,Primiero San Martino di Castrozza,C2
14 Sep-14 Sep,https://mtbdata.com/comp/prima-cup-harrachov-xcm-14-sep-2024-harrachov,Prima CUP - Harrachov - XCM,CZE,Harrachov,C2
14 Sep-15 Sep,https://mtbdata.com/comp/karl-xii-rittet-14-sep-15-sep-2024-halden,Karl XII Rittet,NOR,Halden,C1
15 Sep-15 Sep,https://mtbdata.com/comp/okk-bike-revolution-6-15-sep-2024-huttwil,Ökk Bike Revolution #6,SUI,Huttwil,HC
15 Sep-15 Sep,https://mtbdata.com/comp/mtb-french-cup-powered-by-skf-dhi-15-sep-2024,MTB French Cup Powered By SKF - DHI,FRA,,C1
16 Sep-17 Sep,https://mtbdata.com/comp/taca-brasil-de-xco-rj-16-sep-17-sep-2024-petropolis,Taça Brasil de XCO-RJ,BRA,Petrópolis,C2
21 Sep-21 Sep,https://mtbdata.com/comp/shimano-supercup-massi-girona-21-sep-2024-girona,Shimano Supercup Massi Girona,ESP,Girona,C2
21 Sep-21 Sep,https://mtbdata.com/comp/nockstein-trophy-21-sep-2024-koppl,Nockstein Trophy,AUT,Koppl,C2
21 Sep-22 Sep,https://mtbdata.com/comp/uci-mtb-marathon-world-championships-21-sep-22-sep-2024-snowshoe,UCI MTB MARATHON WORLD CHAMPIONSHIPS,USA,Snowshoe,CM
27 Sep-29 Sep,https://mtbdata.com/comp/uci-mountain-bike-world-cup-xcoxcc-27-sep-29-sep-2024,UCI Mountain Bike World Cup XCO/XCC,USA,Lake Placid,CDM
29 Sep-29 Sep,https://mtbdata.com/comp/cyprus-national-championships-xce-29-sep-2024-pera-orinis,Cyprus National Championships - XCE,CYP,Pera Orinis,CN
02 Oct-05 Oct,https://mtbdata.com/comp/momentum-medical-scheme-cape-pioneer-trek-presented-by-biogen-xcms-02-oct-05-oct-2024-oudtshoorn,Momentum Medical Scheme Cape Pioneer Trek presented by Biogen - XCMS,RSA,Oudtshoorn,S1
04 Oct-06 Oct,https://mtbdata.com/comp/ixs-downhill-cup-04-oct-06-oct-2024,iXS Downhill Cup,SUI,,C2
05 Oct-06 Oct,https://mtbdata.com/comp/italian-national-championships-edr-05-oct-06-oct-2024-campo-nellelba-isola-delba,Italian National Championships - EDR,ITA,Campo Nell'elba - Isola D'elba,CN
06 Oct-06 Oct,https://mtbdata.com/comp/mtb-eliminator-gibraltar-06-oct-2024-gibraltar,MTB Eliminator Gibraltar,GBR,Gibraltar,C3
08 Oct-08 Oct,https://mtbdata.com/comp/brasilian-national-championships-xcm-08-oct-2024-campo-de-brito-se,Brasilian National Championships - XCM,BRA,Campo de Brito SE,CN
13 Oct-13 Oct,https://mtbdata.com/comp/castro-legend-cup-x-legend-ditalia-xcm-13-oct-2024-castro-le,Castro Legend Cup - X Legend d'Italia - XCM,ITA,Castro LE,C2
20 Oct-20 Oct,https://mtbdata.com/comp/south-african-national-championships-xcm-20-oct-2024-gauteng,South African National Championships - XCM,RSA,Gauteng,CN
26 Oct-26 Oct,https://mtbdata.com/comp/israel-cup-5-elad-26-oct-2024-elad,Israel Cup 5 Elad,ISR,Elad,C1
27 Oct-27 Oct,https://mtbdata.com/comp/cyprus-national-championships-dhi-27-oct-2024-macheras,Cyprus National Championships - DHI,CYP,Macheras,CN
01 Dec-01 Dec,https://mtbdata.com/comp/chile-national-championships-dhi-01-dec-2024-temuco,Chile National Championships - DHI,CHI,Temuco,CN
08 Dec-08 Dec,https://mtbdata.com/comp/hong-kong-national-championships-dhi-08-dec-2024-hong-kong,Hong Kong National Championships - DHI,HKG,Hong Kong,CN
